Title,ID
(2023NEW) 5 Ways to Recover an Unsaved/Deleted Word Document,wFkziMa9oDY
The Microsoft Security Insights Show Episode 246 - Sergey Chubarov,nijASpj9E2U
Use Mail Merge to Send Bulk Emails Messages from Outlook,W7SbDxeR2K0
Word for Dissertations: Adding Page Numbers,D6xOMmq1W_A
22 Word formatting hacks you need to know,bqYd-fClrjo
How To Insert Footnotes In Microsoft Word (And Endnotes!),mWGJwuECKeQ
MS Word - Template,3_bOuLO6mZ8
Fix spacing in a modified justify format paragraph in Word: Remove The White Space  Between Words,vHoKGIfjRbA
How to Convert Microsoft Word Documents with Track Changes to PDFs,PH5wrLDH_wY
"How to Set Mirror Margins in your Microsoft Word Documents (change, adjust, view, page setup)",Iovr_Ob_SuM
How to Encrypt a Word Document (Add a Password & Secure Your Files!),3g_v1pQ4S6o
How to Delete Page in Word (Quick and Easy),RXCwqU7ozxY
ms office word mailing tab  very important tools | ‡§Ü‡§∏‡§æ‡§® ‡§§‡§∞‡•Ä‡§ï‡•á ‡§∏‡•á ‡§Æ‡•à‡§≤‡§ø‡§Ç‡§ó ‡§∏‡•Ä‡§ñ‡•á  #ms #msword,ueeijujJvbI
Trick to apply styles and formatting of one document to other Ms Word document in one go,W_HwKlgdhGE
Word Tutorial - How to format text,4J5SMyo8oRk
How To Compare 2 Word Documents (2022),p7mblTnDyJc
üìù Master Wrap Text in MS Word! üñ•Ô∏è,DRDzmzon4uQ
How to Start Page Numbering on Page 3 | Microsoft Word,E8chsLMnVUI
How to Create and Update a Table of Contents in Microsoft Word,LK49aGK63_E
How to make Fillable Form in Microsoft Word,mRTQxVauzr0
Excel for Accounting - 10 Excel Functions You NEED to KNOW!,m_SH0TOLsIc
Freeze Panes vs Split Panes - The Correct Way to Use Them,_ukgNk3-iU4
Power BI Business Anlaytics KPI Dashboard Desing for Monthly Comparison using DAX,GX0-_xnXBO8
VLOOKUP Between Two Worksheets | How to VLOOKUP From Another Sheet,_JfsEWfyv_E
Excel Sorting and Filtering Data,O28-xL5YGkE
Conditional Formatting Formulas - Mystery Solved with 3 Simple Rules,Rzz9PyfwiVQ
How to Create a Graph in Excel,yIml8GFrGuI
How to Set Password Protection For Excel Workbook [Tutorial],tCvcU8oVTtI
Pivot Tables Explained in 3 Minutes,F9WgF1K_K2g
How to use the SUMIF function in Microsoft Excel,7395LUP9dsk
"Excel Logical Functions - IF, AND, OR",hcqeC8PK8as
EASILY Make an AUTOMATED Data Entry Form in Excel,gZKP8c9Ze5g
"Everything you need to know about FREEZING rows, columns, and multiple combinations",90qlf99057A
ü§ë What Does '$' Mean in a Formula | Dollar Sign in Excel,kUcV7CAQtG0
Excel Freeze Top Row and First Column (2020) - 1 MINUTE,wq-s8DJBdTU
Excel Tutorial for Beginners,LgXzzu68j7M
How to Create a Macro Button in Excel | Assign a Macro to a Button in Excel | Hyperlink to Worksheet,y_wJGs7L6gU
Disable Copy Paste In Excel #excel#exceltips#exceltricks#shorts,pDjTJFO4Hzk
How To Use Excel FILTER Function With Multiple Criteria & Return Only the Columns You Need,1mHAVptUKAk
How to Use Excel's New TAKE Function to Impress Your Boss and Colleagues,z66-6WVZSFY
PowerPoint Template Masterclass - Part One - Template Setup,mhfpolp9rAs
Productivity Tutorial: Remote Collaboration with Miro | Domestika English,MIWV-0YXBGA
How to Convert PPT to PDF in Mobile 2024 | Android & iPhone,BzoWNyMKi8w
How to use Powerpoint presenter mode in a Zoom meeting with only one display (Windows),2JPVkYvN1xI
Epic One Piece Cinematic Slide in PowerPoint! üé¨üî•,X2GKBDWLOS4
How to Add Picture in PowerPoint 2025 Telugu | How to Insert Background Image in PowerPoint,EEG2QSrEIwA
"Edit the same file together - collaborate with others - Word, Excel, PowerPoint - OneDrive & Teams",NaeT2zqhw4M
English 4 Matatag Curriculum PowerPoint Presentation Quarter 4 Week 1 Day 1-5,-WOaufWwOjk
How to RECORD a PowerPoint Presentation with AUDIO and VIDEO,2m60HT3OMOI
02 Apply animations to all slides in powerpoint,1mxB2NRNm7Y
Ekonomi PowerPoint Template #2 Free Aesthetic PPT,r3Txi136oaQ
How to Edit Data in PowerPoint Graphs and Charts,Vcqgw1mXVm0
How I created these VIRAL POWERPOINTS ü•µü•µü•µ,T3gf6MlkcbE
Convert PowerPoint 2007 presentations to PDF,T7sslm1qi6s
3 Ways to Create PowerPoint Presentations with ChatGPT [for Teachers],JmVWz2PFVA0
How to Fill Shapes with Photos in PowerPoint! üî• [PPT TRICKS],qi_yuZQ0dF4
Let him cook PowerPoint üî• #powerpoint #presentation #powerpointtutorial #student #study,IPmIkkEFy-c
Sharing Powerpoint in Collaborate,64Hm9s-keQA
How To Embed A YouTube Video Into Powerpoint - Full Guide,d_nWl1z45gQ
Create Organization Chart in 2 Minutes | Power Point Tutorials,gl7HG0w3cLk
How to Add Simple User-Level Security to Microsoft Access Databases,Z-t5ltS85n4
Access: Multi-table Queries (Part 1),pcjXQqKWWNw
Microsoft excel 360 for beginners complete tutorial,oFu2lELeik4
"Import Data into Microsoft Access from Microsoft Excel, CSV Files, and Fixed-Width Text Files",9c04hvDutY8
Access Tutorial - How to create a report,tKQLpq13mkM
Access 2016 - Primary Key - How To Set a Field as a Primary Key in Microsoft MS Office Database 365,7lJS5tklOrE
How to use Microsoft Forms,ouFKWHQMxtQ
Expert Tips for Managing OneLake Data Access in Microsoft Fabric,oamf3oztUAw
Lock Down Your Microsoft 365: Your Essential Security Policies,D1tgTqmD6j0
MSSQL 004  User defined Table Type - advanced,jL5_W5vvkMY
Open a Report to Show a Specific Record in Microsoft Access. Display a Single Customer Record,I3AQVZCEHmI
How to Immediately Update Calculations when Any Field is Updated in Microsoft Access,WB5mbIbkoQ8
How to Use Macros in Microsoft Access 2013 - Examples of Macros and Using Autoexec,8W7RvqlyxsM
When You Should and Should Not Bind a Form to a Query in Microsoft Access,IW87HPNrIcY
Access - How to Create a Relationship Between Two Tables,8JtOq6cbqC4
Access Tutorial - Password protecting a back end,4tnDEN3NjwE
Mastering Microsoft Access: How to Search for Existing Records and Add New Ones with Ease,Qr3-kEBm_jI
Access - Create a Query in Design View,lRCeWr1p6CA
MS Access - Tables Part 1: Creating a database and tables,torQilq_M2s
Microsoft Access Update Query: Values from Another Table to Normalize a Field. Plus add World Flags!,TVw9rqYWk9o
OneNote - How to Share Notebooks with ANYONE (even if they don't have an account),j_vYWfmYmLQ
How to Get Piles Off Your Desk: Organizing Your Paperwork & Digital Files,h2ZlWLinnGs
How to recover deleted notes on an iPhone! [iPhone Notes Disappeared],QDedIOSnS3A
Microsoft OneNote: How to search and tag action items,QRKFz_GMvRo
OneNote Outline Levels from Word Formatting,f1qPGd08Eeo
OneNote Quick Tips - NEVER insert images like this again,rZJUrbCbgzE
Mastering Audio Recording in OneNote: Never Miss Meeting Details Again!,O5qUDbK5HFE
Fix OneNote Sync Problems and Issues,-yXuH7CUeV8
Microsoft Onenote & Outlook integration tips - I was SHOCKED! #onenoteoutlookintegration,TBsJzRkP8HE
How to RESTORE Previous Pages in OneNote,NCiwprGXY7s
‚óèAndroid: Samsung Notes | How To Sync Notes Across Devices (Productivity Tip)!,WJU9a8yvwxs
How to insert online pictures and videos in Microsoft OneNote | Insert an online video in OneNote,Gn-REwd4Qwk
Planning your OneNote Notebooks | Should you create Section or Notebook? ||  Mission Computers,vieWHm805qg
How to use OneNote as a Digital Mirror (iPad to PC),Tts0U9HL7BI
"‚úÖHow To Restore Sticky Notes In Windows 10,11,8,7",jexCMS1nMA4
OneNote - How to Sort Pages/Sections ALPHABETICALLY (Automation Trick!),RITIhM_hyl4
How to paste text without formatting in OneNote,Px7FfZBRuzA
The Complete Guide to Using Templates in OneNote,m-lW31gik1U
The Secret to Note-taking for Busy People,yxHPScN_ct4
ULTIMATE - How to integrate your reMarkable 2 with OneNote easily!,Jv4lPf2wu2o
